<?xml version="1.0" encoding="ISO-8859-1"?>
<CC5Request>
	<Name>[%Name%]</Name>
	<Password>[%Password%]</Password>
	<ClientId>[%ClientId%]</ClientId>
	<Mode>P</Mode>
	<OrderId>[%OrderId%]</OrderId>
	<Type>[%Paytype%]</Type>
	<Number>[%Number%]</Number>
	<Expires>[%Expires%]</Expires>
	<Cvv2Val>[%Cvv2Val%]</Cvv2Val>
	<Total>[%Total%]</Total>
	<Taksit>[%Taksit%]</Taksit>
	<Currency>949</Currency>
  [%3d%]
  <BillTo>	
	</BillTo>
	<ShipTo>	
	</ShipTo>
  <Extra>
    <PARAPUANSORGU>SOR</PARAPUANSORGU>
  </Extra>
</CC5Request>