<?xml version="1.0" encoding="ISO-8859-9"?>
<ePaymentMsg VersionInfo="2.0" TT="Request" RM="Direct" CT="Loyalty">
  <Operation ActionType="LoyaltyQuery">
    <OpData>
      <MerchantInfo MerchantId="[%ClientId%]" MerchantPassword="[%Password%]" />
      <ActionInfo>
        <TrnxCommon TrnxID="[%OrderId%]" Protocol="156" />
      </ActionInfo>
      <PANInfo PAN="[%Number%]" ExpiryDate="[%Expires%]" CVV2="[%Cvv2Val%]" BrandID="[%CardType%]" />
    </OpData>
  </Operation>
</ePaymentMsg>
