<?xml version="1.0" encoding="ISO-8859-1"?>
<GVPSRequest>
	<Mode>TEST</Mode>
	<Version>v0.00</Version>
	<Terminal>
		<ProvUserID>PROVAUT</ProvUserID>
		<HashData> E178B3514FB5E2d52EF2E66FE715A6E6078121BB </HashData>
		<UserID>PROVAUT</UserID>
		<ID>111995</ID>
		<MerchantID>600218</MerchantID>
	</Terminal>
	<Customer>
		<IPAddress>1.1.111.111</IPAddress>
		<EmailAddress>Cem@cem.com</EmailAddress>
	</Customer>
	<Card>
		<Number>4242424242424242</Number>
		<ExpireDate>1110</ExpireDate>
		<CVV2></CVV2>
	</Card>
	<Order>
		<OrderID></OrderID>
		<GroupID></GroupID>
	</Order>
	<Transaction>
		<Type>sales</Type>
		<InstallmentCnt></InstallmentCnt>
		<Amount>1110</Amount>
		<CurrencyCode>949</CurrencyCode>
		<CardholderPresentCode>0</CardholderPresentCode>
		<MotoInd>N</MotoInd>
	</Transaction>
</GVPSRequest>

<?xml version="1.0" encoding="ISO-8859-1" ?>
<CC5Request>
	<Name>[%Name%]</Name>
	<Password>[%Password%]</Password>
	<ClientId>[%ClientId%]</ClientId>	
  <IPAddress>[%IPAddress%]</IPAddress>
	<Email></Email>
	<Mode>P</Mode>
	<OrderId>[%OrderId%]</OrderId>
	<GroupId></GroupId>
	<TransId></TransId>
	<UserId>[%UserId%]</UserId>
	<Type>[%Paytype%]</Type>
	<Number>[%Number%]</Number>
	<Expires>[%Expires%]</Expires>
	<Cvv2Val>[%Cvv2Val%]</Cvv2Val>
	<Total>[%Total%]</Total>
	<Currency>949</Currency>
	<Taksit>[%Taksit%]</Taksit>
  [%3d%]
  <BillTo>
		<Name></Name>
		<Street1></Street1>
		<Street2></Street2>
		<Street3></Street3>
		<City></City>
		<StateProv></StateProv>
		<PostalCode></PostalCode>
		<Country></Country>
		<Company></Company>
		<TelVoice></TelVoice>
	</BillTo>
	<ShipTo>
		<Name></Name>
		<Street1></Street1>
		<Street2></Street2>
		<Street3></Street3>
		<City></City>
		<StateProv></StateProv>
		<PostalCode></PostalCode>
		<Country></Country>
	</ShipTo>
	<Extra></Extra>
</CC5Request>