<br />
<b>Warning</b>:  require_once(d:/root/odemeler/class/db.php) [<a href='function.require-once'>function.require-once</a>]: failed to open stream: No such file or directory in <b>D:\websites\oksidodeme\class\common.php</b> on line <b>19</b><br />
<br />
<b>Fatal error</b>:  require_once() [<a href='function.require'>function.require</a>]: Failed opening required 'd:/root/odemeler/class/db.php' (include_path='.;C:\php5\pear') in <b>D:\websites\oksidodeme\class\common.php</b> on line <b>19</b><br />
